<?xml version="1.0" encoding="UTF-8"?>
<project-private xmlns="http://www.netbeans.org/ns/project-private/1">
    <editor-bookmarks xmlns="http://www.netbeans.org/ns/editor-bookmarks/2" lastBookmarkId="0"/>
    <open-files xmlns="http://www.netbeans.org/ns/projectui-open-files/2">
        <group>
            <file>file:/D:/My%20Real%20Nickels/Centsible/src/centsible/frames/user/PaymentSuccess.java</file>
            <file>file:/D:/My%20Real%20Nickels/Centsible/src/centsible/mail/EmailSender.java</file>
            <file>file:/D:/My%20Real%20Nickels/Centsible/src/centsible/functions/GeneralFunction.java</file>
            <file>file:/D:/My%20Real%20Nickels/Centsible/src/centsible/frames/user/SendMoney.java</file>
            <file>file:/D:/My%20Real%20Nickels/Centsible/src/centsible/functions/SavingsFunction.java</file>
            <file>file:/D:/My%20Real%20Nickels/Centsible/src/centsible/functions/OTPGenerator.java</file>
            <file>file:/D:/My%20Real%20Nickels/Centsible/src/centsible/functions/LoginFunction.java</file>
            <file>file:/D:/My%20Real%20Nickels/Centsible/src/centsible/functions/UserFunctions.java</file>
            <file>file:/D:/My%20Real%20Nickels/Centsible/src/centsible/frames/user/Savings.java</file>
            <file>file:/D:/My%20Real%20Nickels/Centsible/src/centsible/frames/user/ChangePassword.java</file>
            <file>file:/D:/My%20Real%20Nickels/Centsible/src/centsible/frames/admin/AccountTable.java</file>
            <file>file:/D:/My%20Real%20Nickels/Centsible/src/centsible/functions/ForgotPasswordFunction.java</file>
            <file>file:/D:/My%20Real%20Nickels/Centsible/src/centsible/frames/startup/OTPVerification.java</file>
            <file>file:/D:/My%20Real%20Nickels/Centsible/src/centsible/functions/EncryptionDecryption.java</file>
            <file>file:/D:/My%20Real%20Nickels/Centsible/src/centsible/frames/startup/Login.java</file>
            <file>file:/D:/My%20Real%20Nickels/Centsible/src/centsible/frames/user/FundAction.java</file>
            <file>file:/D:/My%20Real%20Nickels/Centsible/src/centsible/frames/startup/Signup.java</file>
            <file>file:/D:/My%20Real%20Nickels/Centsible/src/centsible/frames/user/PayBillWhere.java</file>
            <file>file:/D:/My%20Real%20Nickels/Centsible/src/centsible/functions/AuditFunction.java</file>
            <file>file:/D:/My%20Real%20Nickels/Centsible/src/centsible/functions/OTPFunctions.java</file>
            <file>file:/D:/My%20Real%20Nickels/Centsible/src/centsible/functions/ChangePasswordFunction.java</file>
            <file>file:/D:/My%20Real%20Nickels/Centsible/src/centsible/frames/user/BankInfo.java</file>
            <file>file:/D:/My%20Real%20Nickels/Centsible/src/centsible/functions/AdminFunction.java</file>
            <file>file:/D:/My%20Real%20Nickels/Centsible/src/centsible/frames/user/ChooseBank.java</file>
            <file>file:/D:/My%20Real%20Nickels/Centsible/src/centsible/frames/user/FillInfoPayBills.java</file>
            <file>file:/D:/My%20Real%20Nickels/Centsible/src/centsible/functions/SignupFunction.java</file>
            <file>file:/D:/My%20Real%20Nickels/Centsible/src/centsible/frames/admin/AuditTable.java</file>
            <file>file:/D:/My%20Real%20Nickels/Centsible/src/centsible/frames/user/TransactionHistory.java</file>
        </group>
    </open-files>
</project-private>
